<?xml version="1.0" encoding="UTF-8"?>
<!DOCTYPE hibernate-reverse-engineering PUBLIC "-//Hibernate/Hibernate Reverse Engineering DTD 3.0//EN" "http://hibernate.sourceforge.net/hibernate-reverse-engineering-3.0.dtd" >

<hibernate-reverse-engineering>
	<table name="router" catalog="mydemo"></table>
	<table name="proxydetail" catalog="mydemo">
		<column name="agentip"></column>
	</table>
	<table name="user" catalog="mydemo" class="com.ben.restjpademo.domain.User"></table>
</hibernate-reverse-engineering>