<?xml version='1.0' encoding='UTF-8'?>
<!DOCTYPE hibernate-configuration PUBLIC
          "-//Hibernate/Hibernate Configuration DTD 3.0//EN"
          "http://www.hibernate.org/dtd/hibernate-configuration-3.0.dtd">
<!-- Generated by MyEclipse Hibernate Tools.                   -->
<hibernate-configuration>

    <session-factory>
        <!--<property name="connection.profile">mydemo</property>-->
        <property name="dialect">org.hibernate.dialect.MySQLDialect</property>
        <!--<property name="connection.url">jdbc:mysql://localhost:3306/mydemo</property>-->
        <property name="connection.url">jdbc:mysql://localhost:3306/mydemo</property>
        <property name="connection.driver_class">com.mysql.jdbc.Driver</property>

        <property name="hbm2ddl.auto">update</property>
        <mapping class="com.ben.restjpademo.domain.ShowVuls"/>
        <mapping class="com.ben.restjpademo.domain.Schedule"/>
    </session-factory>

</hibernate-configuration>
